Workbook

Sheet Resumen de Proyecto
B2: Estrategia Comercial de Lotes & Hitos
B4: Parámetros de Valorización por m²
B5: Manzana | C5: Ubicación / Tipo | D5: Valor por m² (S/.)
B6: Mz. A | C6: Frente a Carretera (Premium) | D6: 230.68
B7: Mz. B | C7: Segunda Línea (Media-Alta) | D7: 215
B8: Mz. C | C8: Zona Interior (Estándar) | D8: 200
B9: Mz. D | C9: Zona Interior Lateral | D9: 200
B12: Resumen de Inventario (Demo)
B13: Estado | C13: Cantidad de Lotes | D13: Ingreso Proyectado (S/.)
B14: Disponible | C14: =COUNTIF('Base de Datos Lotes'!E$6:E$35, "Disponible") | D14: =SUMIF('Base de Datos Lotes'!E$6:E$35, "Disponible", 'Base de Datos Lotes'!D$6:D$35)
B15: Reservado | C15: =COUNTIF('Base de Datos Lotes'!E$6:E$35, "Reservado") | D15: =SUMIF('Base de Datos Lotes'!E$6:E$35, "Reservado", 'Base de Datos Lotes'!D$6:D$35)
B16: Vendido | C16: =COUNTIF('Base de Datos Lotes'!E$6:E$35, "Vendido") | D16: =SUMIF('Base de Datos Lotes'!E$6:E$35, "Vendido", 'Base de Datos Lotes'!D$6:D$35)
B17: TOTAL GENERAL | C17: =SUM(C14:C16) | D17: =SUM(D14:D16)

Sheet Base de Datos Lotes
B2: Listado Maestro de Lotes e Integración 360°
B4: Esta tabla simula la base de datos que Diego conectará al backend de la plataforma interactiva.
B5: Manzana | C5: Lote | D5: Área (m²) | E5: Precio Calculado (S/.) | F5: Estado de Venta | G5: ID Nodo 360 D5 Render
B6: Mz. A | C6: Lote 1 | D6: 173.4 | E6: 40000 | F6: Vendido | G6: nodo_aéreo_mediano_01
B7: Mz. A | C7: Lote 2 | D7: 173.4 | E7: 40000 | F7: Disponible | G7: nodo_peatonal_lote2
B8: Mz. A | C8: Lote 3 | D8: 173.4 | E8: 40000 | F8: Disponible | G8: nodo_peatonal_lote3
B9: Mz. A | C9: Lote 4 | D9: 173.4 | E9: 40000 | F9: Disponible | G9: nodo_peatonal_lote4
B10: Mz. A | C10: Lote 5 | D10: 173.4 | E10: 40000 | F10: Reservado | G10: nodo_peatonal_lote5
B11: Mz. A | C11: Lote 6 | D11: 173.4 | E11: 40000 | F11: Disponible | G11: nodo_peatonal_lote6
B12: Mz. A | C12: Lote 7 | D12: 173.4 | E12: 40000 | F12: Vendido | G12: nodo_peatonal_tu_lote7
B13: Mz. A | C13: Lote 8 | D13: 173.4 | E13: 40000 | F13: Vendido | G13: nodo_peatonal_tu_lote8
B14: Mz. B | C14: Lote 1 | D14: 204.4 | E14: =D14 * VLOOKUP(B14, 'Resumen de Proyecto'!B$6:D$9, 3, FALSE) | F14: Disponible | G14: nodo_peatonal_b1
B15: Mz. B | C15: Lote 2 | D15: 202.6 | E15: =D15 * VLOOKUP(B15, 'Resumen de Proyecto'!B$6:D$9, 3, FALSE) | F15: Disponible | G15: nodo_peatonal_b2
B16: Mz. B | C16: Lote 3 | D16: 200.8 | E16: =D16 * VLOOKUP(B16, 'Resumen de Proyecto'!B$6:D$9, 3, FALSE) | F16: Reservado | G16: nodo_peatonal_b3
B17: Mz. B | C17: Lote 4 | D17: 199 | E17: =D17 * VLOOKUP(B17, 'Resumen de Proyecto'!B$6:D$9, 3, FALSE) | F17: Disponible | G17: nodo_peatonal_b4
B18: Mz. B | C18: Lote 5 | D18: 197.2 | E18: =D18 * VLOOKUP(B18, 'Resumen de Proyecto'!B$6:D$9, 3, FALSE) | F18: Disponible | G18: nodo_peatonal_b5
B19: Mz. B | C19: Lote 6 | D19: 195.5 | E19: =D19 * VLOOKUP(B19, 'Resumen de Proyecto'!B$6:D$9, 3, FALSE) | F19: Vendido | G19: nodo_peatonal_b6
B20: Mz. B | C20: Lote 7 | D20: 193.7 | E20: =D20 * VLOOKUP(B20, 'Resumen de Proyecto'!B$6:D$9, 3, FALSE) | F20: Disponible | G20: nodo_peatonal_b7
B21: Mz. B | C21: Lote 8 | D21: 191.9 | E21: =D21 * VLOOKUP(B21, 'Resumen de Proyecto'!B$6:D$9, 3, FALSE) | F21: Disponible | G21: nodo_peatonal_b8
B22: Mz. C | C22: Lote 1 | D22: 182.9 | E22: =D22 * VLOOKUP(B22, 'Resumen de Proyecto'!B$6:D$9, 3, FALSE) | F22: Disponible | G22: nodo_peatonal_c1
B23: Mz. C | C23: Lote 2 | D23: 182.9 | E23: =D23 * VLOOKUP(B23, 'Resumen de Proyecto'!B$6:D$9, 3, FALSE) | F23: Disponible | G23: nodo_peatonal_c2
B24: Mz. C | C24: Lote 3 | D24: 182.9 | E24: =D24 * VLOOKUP(B24, 'Resumen de Proyecto'!B$6:D$9, 3, FALSE) | F24: Disponible | G24: nodo_peatonal_c3
B25: Mz. C | C25: Lote 4 | D25: 183 | E25: =D25 * VLOOKUP(B25, 'Resumen de Proyecto'!B$6:D$9, 3, FALSE) | F25: Reservado | G25: nodo_peatonal_c4
... B35: Mz. D | C35: Lote 7 | D35: 187.2 | E35: =D35 * VLOOKUP(B35, 'Resumen de Proyecto'!B$6:D$9, 3, FALSE) | F35: Disponible | G35: nodo_peatonal_d7
B36: TOTALES | D36: =SUM(D6:D35) | E36: =SUM(E6:E35)
